Census 2000 PHC-T-33.  Earnings Distribution of U.S.Year-Round Full-Time Workers by Occupation and Sex: 2013,,,,
"Table 1. Full-Time, Year-Round Workers and Median Earnings in the Past 12 Months by Sex and Detailed Occupation1: 20132",,,,
"Full-time, year-round civilian employed 16 years and older (estimates) and full-time, year-round civilian employed 16 years and older with earnings (medians)",,,,
"Source: U.S. Census Bureau, 2013 American Community Survey (modified to conform to 1999 SOC codes) Internet release date: 03/16/2015",,,,
"(Data based on a sample. For information on confidentiality protection, sampling error, nonsampling error, and definitions, see www.census.gov/prod/cen2000/docs/sf3.pdf.)",,,,
Occupation,SOC Codes,Number of YRFT workers,Female,Male
….Chief executives,11-1011,"1,024,259","782,400","241,859"
....General and operations managers,11-1021,"977,284","681,627","295,657"
....Legislators,11-1031,"14,815","8,375","6,440"
....Advertising and promotions managers,Nov-11,"43,015","17,775","25,240"
....Marketing and sales managers,Nov-20,"754,514","440,078","314,436"
....Public relations and fundraising managers,Nov-31,"44,198","16,141","28,057"
....Administrative services managers,Nov-11,"109,703","72,873","36,830"
....Computer and information systems managers,Nov-21,"489,048","354,369","134,679"
....Financial managers,Nov-31,"990,611","460,842","529,769"
....Human resources managers,Nov-40,"307,004","125,240","181,764"
....Industrial production managers,Nov-51,"218,198","177,200","40,998"
....Purchasing managers,Nov-61,"175,540","96,499","79,041"
"....Transportation, storage, and distribution managers",11-1011,"185,512","151,841","33,671"
"....Farmers, ranchers, and other agricultural managers",11-1021,"499,775","446,121","53,654"
....Construction managers,11-1031,"469,706","434,849","34,857"
....Education administrators,Nov-11,"708,239","272,330","435,909"
....Architectural and engineering managers,Nov-20,"132,575","120,777","11,798"
....Food service managers,Nov-31,"740,359","407,357","333,002"
....Funeral service managers,Nov-11,"5,439","4,421","1,018"
....Gaming managers,Nov-21,"17,294","10,632","6,662"
....Lodging managers,Nov-31,"96,419","47,382","49,037"
....Medical and health services managers,Nov-40,"546,042","171,661","374,381"
....Natural sciences managers,Nov-51,"16,766","8,633","8,133"
....Postmasters and mail superintendents,Nov-61,"28,282","12,394","15,888"
"....Property, real estate, and community association managers",Nov-31,"414,232","203,818","210,414"
....Social and community service managers,Nov-41,"279,952","96,503","183,449"
"....Managers, all other",Nov-51,"3,034,121","2,056,582","977,539"
"….Agents and business managers of artists, performers, and athletes",13-1011,"28,413","17,494","10,919"
"….Buyers and purchasing agents, farm products",13-1021,"7,184","5,882","1,302"
"….Wholesale and retail buyers, except farm products",13-1022,"170,412","86,522","83,890"
"….Purchasing agents, except wholesale, retail, and farm products",13-1023,"220,927","107,988","112,939"
"….Claims adjusters, appraisers, examiners, and investigators",13-1030,"257,730","98,587","159,143"
….Compliance officers,13-1041,"193,020","95,524","97,496"
….Cost estimators,13-1051,"105,744","91,484","14,260"
….Human resources workers,13-1070,"571,108","158,154","412,954"
….Logisticians,13-1081,"97,563","63,756","33,807"
….Management analysts,13-1111,"589,692","346,499","243,193"
"….Meeting, convention, and event planners",13-1121,"78,856","15,208","63,648"
"….Business operations specialists, all other",13-1161 & 13-1199,"211,970","98,399","113,571"
….Accountants and auditors,13-2011,"1,651,199","683,411","967,788"
….Appraisers and assessors of real estate,13-2021,"75,414","49,592","25,822"
….Budget analysts,13-2031,"41,799","14,880","26,919"
….Credit analysts,13-2041,"23,011","9,607","13,404"
….Financial analysts,13-2051,"65,367","44,484","20,883"
….Personal financial advisors,13-2052,"283,136","196,273","86,863"
….Insurance underwriters,13-2053,"94,336","33,432","60,904"
….Financial examiners,13-2061,"10,413","5,134","5,279"
….Credit counselors and loan officers,13-2070,"285,649","130,778","154,871"
"….Tax examiners and collectors, and revenue agents",13-2081,"50,960","17,617","33,343"
….Tax preparers,13-2082,"51,485","24,538","26,947"
"….Financial specialists, all other",13-2099,"58,785","26,520","32,265"
….Computer systems analysts,"15-1011, 15-1051, & 15-1099","441,538","280,626","160,912"
….Computer programmers,15-1021,"374,314","298,175","76,139"
"….Software developers, applications and systems software",15-1030,"924,888","741,308","183,580"
….Computer support specialists,15-1041,"458,736","339,470","119,266"
….Database administrators,15-1061,"101,323","61,969","39,354"
….Network and computer systems administrators,15-1071,"195,372","160,376","34,996"
….Computer network architects ,15-1081,"91,709","84,233","7,476"
….Actuaries,15-2011,"23,200","16,642","6,558"
….Mathematicians,15-2021,"1,933","1,603",330
….Operations research analysts,15-2031,"123,636","65,206","58,430"
….Statisticians,15-2041,"31,319","16,117","15,202"
….Miscellaneous mathematical science occupations,15-2090,"3,686","1,974","1,712"
"….Architects, except naval",17-1010,"145,439","114,341","31,098"
"….Surveyors, cartographers, and photogrammetrists",17-1020,"31,315","24,924","6,391"
….Aerospace engineers,17-2011,"117,942","105,914","12,028"
….Agricultural engineers,17-2021,"2,952","2,425",527
….Biomedical engineers,17-2031,"12,371","10,765","1,606"
….Chemical engineers,17-2041,"53,119","45,725","7,394"
….Civil engineers,17-2051,"257,802","228,722","29,080"
….Computer hardware engineers,17-2061,"51,453","44,773","6,680"
….Electrical and electronics engineers,17-2070,"180,122","163,656","16,466"
….Environmental engineers,17-2081,"25,988","19,105","6,883"
"….Industrial engineers, including health and safety",17-2110,"172,367","136,669","35,698"
….Marine engineers and naval architects,17-2121,"11,147","10,288",859
….Materials engineers,17-2131,"27,975","23,360","4,615"
….Mechanical engineers,17-2141,"206,515","191,858","14,657"
"….Mining and geological engineers, including mining safety engineers",17-2151,"8,430","7,886",544
….Nuclear engineers,17-2161,"4,813","4,205",608
….Petroleum engineers,17-2171,"23,225","20,619","2,606"
"….Engineers, all other",17-2199,"439,749","388,864","50,885"
….Drafters,17-3010,"124,267","102,941","21,326"
"….Engineering technicians, except drafters",17-3020,"371,566","307,644","63,922"
….Surveying and mapping technicians,17-3031,"45,449","40,811","4,638"
….Agricultural and food scientists,19-1010,"22,154","15,764","6,390"
….Biological scientists,19-1020,"60,924","31,860","29,064"
….Conservation scientists and foresters,19-1030,"20,271","15,850","4,421"
….Medical scientists,19-1040,"112,826","53,210","59,616"
….Astronomers and physicists,19-2010,"9,359","7,563","1,796"
….Atmospheric and space scientists,19-2021,"10,661","8,657","2,004"
….Chemists and materials scientists,19-2030,"71,161","42,953","28,208"
….Environmental scientists and geoscientists,19-2040,"65,341","45,052","20,289"
"….Physical scientists, all other",19-2099,"171,530","106,686","64,844"
….Economists,19-3011,"20,957","14,810","6,147"
….Survey researchers,19-3020,836,358,478
….Psychologists,19-3030,"115,139","37,071","78,068"
….Urban and regional planners,19-3051,"17,145","10,824","6,321"
"….Miscellaneous social scientists and related workers, including sociologists",19-3090,"32,080","15,884","16,196"
….Agricultural and food science technicians,19-4011,"24,559","15,509","9,050"
….Biological technicians,19-4021,"13,985","8,785","5,200"
….Chemical technicians,19-4031,"51,689","34,926","16,763"
….Geological and petroleum technicians,19-4041,"16,156","11,467","4,689"
….Nuclear technicians,19-4051,"3,722","3,265",457
….Social science research assistants,19-4061 & 19-4090,"4,333","2,950","1,383"
"….Miscellaneous life, physical, and social science technicians",21-1090,"100,831","55,051","45,780"
….Counselors,21-1010,"482,328","146,849","335,479"
….Social workers,21-1020,"627,085","124,774","502,311"
….Clergy,21-2011,"339,774","289,076","50,698"
"….Directors, religious activities and education",21-2021,"34,970","16,961","18,009"
"….Religious workers, all other",21-2099,"41,694","19,827","21,867"
….Lawyers,23-1011,"852,860","568,201","284,659"
"….Judges, magistrates, and other judicial workers",23-1020,"55,881","32,209","23,672"
….Paralegals and legal assistants,23-2011,"307,815","45,422","262,393"
….Miscellaneous legal support workers,23-2090,"148,521","40,412","108,109"
….Postsecondary teachers,25-1000,"836,986","457,786","379,200"
….Preschool and kindergarten teachers,25-2010,"316,025","8,298","307,727"
….Elementary and middle school teachers,25-2020,"2,282,888","503,434","1,779,454"
….Secondary school teachers,25-2030,"541,598","240,315","301,283"
….Special education teachers,25-2040,"165,928","25,578","140,350"
….Other teachers and instructors,25-3000,"359,794","169,655","190,139"
"….Archivists, curators, and museum technicians",25-4010,"31,925","13,316","18,609"
….Librarians,25-4021,"111,952","19,727","92,225"
….Library technicians,25-4031,"16,163","3,583","12,580"
….Teacher assistants,25-9041,"371,321","44,030","327,291"
"….Other education, training, and library workers","25-9011, 25-9021, 25-9031, & 25-9099","88,624","26,398","62,226"
….Artists and related workers,27-1010,"116,825","75,425","41,400"
….Designers,27-1020,"552,419","303,391","249,028"
….Actors,27-2011,"12,456","8,445","4,011"
….Producers and directors,27-2012,"117,967","73,980","43,987"
"….Athletes, coaches, umpires, and related workers",27-2020,"114,456","83,451","31,005"
….Dancers and choreographers,27-2030,"5,424","1,239","4,185"
"….Musicians, singers, and related workers",27-2040,"60,370","48,227","12,143"
"….Entertainers and performers, sports and related workers, all other",27-2099,"14,230","9,381","4,849"
….Announcers,27-3010,"25,670","20,703","4,967"
"….News analysts, reporters and correspondents",27-3020,"52,566","29,289","23,277"
….Public relations specialists,27-3031,"97,408","38,545","58,863"
….Editors,27-3041,"117,721","59,523","58,198"
….Technical writers,27-3042,"43,977","19,964","24,013"
….Writers and authors,27-3043,"121,198","57,902","63,296"
….Miscellaneous media and communication workers,27-3090,"45,120","17,870","27,250"
"….Miscellaneous media and communications equipment workers, including broadcast and sound engineering technicians and radio operators",27-4010,"68,484","62,777","5,707"
….Photographers,27-4021,"80,489","48,494","31,995"
"….Television, video, and motion picture camera operators and editors",27-4030,"28,620","25,400","3,220"
...Chiropractors,29-1011,"34,499","27,139","7,360"
...Dentists,29-1020,"97,562","74,382","23,180"
...Dietitians and nutritionists,29-1031,"61,437","7,250","54,187"
...Optometrists,29-1041,"25,610","16,298","9,312"
...Pharmacists,29-1051,"205,734","98,972","106,762"
...Physicians and surgeons,29-1060,"737,546","495,061","242,485"
...Physician assistants,29-1071,"100,572","35,720","64,852"
...Podiatrists,29-1081,"6,757","5,184","1,573"
...Audiologists,29-1111,"10,771","3,078","7,693"
...Occupational therapists,29-1121,"59,239","6,903","52,336"
...Physical therapists,29-1122,"136,392","49,118","87,274"
...Radiation therapists,29-1123,"14,694","5,731","8,963"
...Recreational therapists,29-1124,"9,144","3,265","5,879"
...Respiratory therapists,29-1125,"84,482","32,234","52,248"
...Speech-language pathologists,29-1126,"77,904","3,626","74,278"
"...Miscellaneous therapists, including exercise physiologists",29-1127,"99,008","24,425","74,583"
...Veterinarians,29-1129,"57,599","29,223","28,376"
...Registered nurses,29-1131,"2,061,647","238,183","1,823,464"
"...Health diagnosing and treating practitioners, all other",29-1199,"10,251","4,314","5,937"
...Clinical laboratory technologists and technicians,29-2010,"245,751","65,488","180,263"
...Dental hygienists,29-2021,"61,825","3,320","58,505"
...Diagnostic related technologists and technicians,29-2030,"237,127","74,756","162,371"
...Emergency medical technicians and paramedics,29-2041,"157,684","110,916","46,768"
...Health practitioner support technologists and technicians,29-2050,"350,939","73,031","277,908"
...Licensed practical and licensed vocational nurses,29-2061,"442,709","43,277","399,432"
...Medical records and health information technicians,29-2071,"90,186","9,831","80,355"
"...Opticians, dispensing",29-2081,"39,047","11,901","27,146"
...Miscellaneous health technologists and technicians,29-2090,"90,586","33,686","56,900"
...Other healthcare practitioners and technical occupations,29-9000,"72,636","44,786","27,850"
"...Nursing, psychiatric, and home health aides",31-1010,"1,397,113","219,944","1,177,169"
...Occupational therapy assistants and aides,31-2010,"10,875","1,945","8,930"
...Physical therapist assistants and aides,31-2020,"44,581","12,122","32,459"
...Massage therapists,31-9011,"57,261","13,680","43,581"
...Dental assistants,31-9091,"147,438","8,460","138,978"
...Medical assistants,"31-9092,  31-9093, 31-9094, 31-9095, 31-9096, 31-9097, 31-9098, & 31-9099","330,718","24,072","306,646"
...First-line supervisors of correctional officers,33-1011,"49,105","34,261","14,844"
...First-line supervisors of police and detectives,33-1012,"102,581","87,467","15,114"
...First-line supervisors of fire fighting and prevention workers,33-1021,"47,968","45,815","2,153"
"...First-line supervisors of protective service workers, all other",33-1099,"73,041","53,093","19,948"
...Firefighters,33-2011,"256,196","246,017","10,179"
...Fire inspectors,33-2020,"16,734","15,065","1,669"
"...Bailiffs, correctional officers, and jailers",33-3010,"387,955","281,897","106,058"
...Detectives and criminal investigators,33-3021,"117,375","87,855","29,520"
...Fish and game wardens,33-3031,"3,308","3,245",63
...Parking enforcement workers,33-3041,"4,876","2,638","2,238"
...Police and sheriff's patrol officers,33-3051,"623,338","539,272","84,066"
...Transit and railroad police,33-3052,"2,623","1,977",646
...Animal control workers,33-9011,"10,552","7,135","3,417"
...Private detectives and investigators,33-9021,"68,657","39,367","29,290"
...Security guards and gaming surveillance officers,33-9030,"668,775","518,657","150,118"
...Crossing guards,33-9091,"8,589","4,388","4,201"
"...Lifeguards and other recreational, and all other protective service workers",33-9092 & 33-9099,"32,041","17,049","14,992"
...Chefs and head cooks,35-1011,"303,612","252,537","51,075"
...First-line supervisors of food preparation and serving workers,35-1012,"374,711","176,476","198,235"
...Cooks,35-2010,"1,111,982","700,025","411,957"
...Food preparation workers,35-2021,"302,338","142,050","160,288"
...Bartenders,35-3011,"203,401","104,261","99,140"
"...Combined food preparation and serving workers, including fast food",35-3021,"114,984","41,054","73,930"
"...Counter attendants, cafeteria, food concession, and coffee shop",35-3022,"30,891","10,920","19,971"
...Waiters and waitresses,35-3031,"680,777","243,097","437,680"
"...Food servers, nonrestaurant",35-3041,"69,554","24,402","45,152"
...Dining room and cafeteria attendants and bartender helpers,35-9011,"86,785","56,021","30,764"
...Dishwashers,35-9021,"102,959","86,995","15,964"
"...Hosts and hostesses, restaurant, lounge, and coffee shop",35-9031,"42,666","7,262","35,404"
"...Food preparation and serving related workers, all other",35-9099,"3,940","1,191","2,749"
...First-line supervisors of housekeeping and janitorial workers,35-9099,"182,546","123,092","59,454"
"...First-line supervisors of landscaping, lawn service, and groundskeeping workers",37-1011,"112,776","108,132","4,644"
...Janitors and building cleaners,37-1012,"1,519,858","1,149,371","370,487"
...Maids and housekeeping cleaners,37-2011 & 37-2019,"737,561","127,620","609,941"
...Pest control workers,37-2012,"53,799","51,894","1,905"
...Grounds maintenance workers,37-2021,"728,064","693,654","34,410"
...First-line supervisors of gaming workers,39-1010,"58,437","33,458","24,979"
...First-line supervisors of personal service workers,39-1021,"98,491","47,150","51,341"
...Animal trainers,39-2011,"27,354","12,684","14,670"
...Nonfarm animal caretakers,39-2021,"103,783","31,762","72,021"
...Gaming services workers,39-3010,"64,709","33,752","30,957"
...Motion picture projectionists,39-3021,"2,083","1,989",94
"...Ushers, lobby attendants, and ticket takers",39-3031,"5,964","2,920","3,044"
...Miscellaneous entertainment attendants and related workers,39-3090,"47,151","26,402","20,749"
"...Morticians, undertakers, and funeral directors",39-4000,"28,279","22,551","5,728"
...Barbers,39-5011,"68,648","57,663","10,985"
"...Hairdressers, hairstylists, and cosmetologists",39-5012,"434,564","52,142","382,422"
...Miscellaneous personal appearance workers,39-5090,"159,831","33,519","126,312"
"...Baggage porters, bellhops, and concierges",39-6010,"59,390","46,419","12,971"
...Tour and travel guides,39-6020,"15,628","9,572","6,056"
...Childcare workers,39-9011,"536,474","29,929","506,545"
...Personal care aides,39-9021,"576,620","105,440","471,180"
...Recreation and fitness workers,39-9030,"163,532","72,807","90,725"
...Residential advisors,39-9041,"24,461","9,448","15,013"
"...Personal care and service workers, all other ",39-9099,"48,690","33,740","14,950"
...First-line supervisors of retail sales workers,41-1011,"2,563,806","1,465,356","1,098,450"
...First-line supervisors of non-retail sales workers,41-1012,"1,030,338","751,705","278,633"
...Cashiers,41-2010,"1,042,284","321,457","720,827"
...Counter and rental clerks,41-2021,"45,567","24,387","21,180"
...Parts salespersons,41-2022,"82,536","73,360","9,176"
...Retail salespersons,41-2031,"1,668,480","1,012,539","655,941"
...Advertising sales agents,41-3011,"155,726","78,938","76,788"
...Insurance sales agents,41-3021,"429,706","235,417","194,289"
"...Securities, commodities, and financial services sales agents",41-3031,"226,082","157,344","68,738"
...Travel agents,41-3041,"46,577","9,963","36,614"
"...Sales representatives, services, all other",41-3099,"497,043","346,088","150,955"
"...Sales representatives, wholesale and manufacturing",41-4010,"1,129,716","857,038","272,678"
"...Models, demonstrators, and product promoters",41-9010,"12,335","4,971","7,364"
...Real estate brokers and sales agents,41-9020,"513,527","253,865","259,662"
...Sales engineers,41-9031,"33,279","30,626","2,653"
...Telemarketers,41-9041,"44,182","16,477","27,705"
"...Door-to-door sales workers, news and street vendors, and related workers",41-9091,"55,838","33,591","22,247"
"...Sales and related workers, all other",41-9099,"186,390","103,486","82,904"
...First-line supervisors of office and administrative support workers,43-2011,"1,126,495","444,538","681,957"
"...Switchboard operators, including answering service",43-2021,"20,377","4,152","16,225"
...Telephone operators,43-2099,"28,046","6,893","21,153"
"...Communications equipment operators, all other",43-3011,"6,543","3,590","2,953"
...Bill and account collectors,43-3021,"142,343","42,195","100,148"
...Billing and posting clerks ,43-3031,"386,492","39,847","346,645"
"...Bookkeeping, accounting, and auditing clerks",43-3041,"874,662","114,995","759,667"
...Gaming cage workers,43-3051,"6,046","2,239","3,807"
...Payroll and timekeeping clerks,43-3061,"138,447","15,290","123,157"
...Procurement clerks,43-3071,"32,617","13,441","19,176"
...Tellers,43-4011,"233,474","26,160","207,314"
...Brokerage clerks,43-4021,"5,857","1,328","4,529"
...Correspondence clerks,43-4031,"3,933","1,390","2,543"
"...Court, municipal, and license clerks",43-4041,"70,610","13,198","57,412"
"...Credit authorizers, checkers, and clerks",43-4046,"40,119","10,893","29,226"
...Customer service representatives,43-4051,"1,589,129","535,845","1,053,284"
"...Eligibility interviewers, government programs",43-4051,"65,971","14,730","51,241"
...File clerks,43-4061,"189,148","44,248","144,900"
"...Hotel, motel, and resort desk clerks",43-4071,"76,241","27,058","49,183"
"...Interviewers, except eligibility and loan",43-4081,"84,440","16,624","67,816"
"...Library assistants, clerical",43-4111,"33,132","5,578","27,554"
...Loan interviewers and clerks,43-4121,"116,281","25,344","90,937"
...New accounts clerks,43-4131,"13,217","3,094","10,123"
...Order clerks,43-4141,"85,033","33,587","51,446"
"...Human resources assistants, except payroll and timekeeping",43-4151,"54,580","9,723","44,857"
...Receptionists and information clerks,43-4161,"657,793","63,049","594,744"
...Reservation and transportation ticket agents and travel clerks,43-4171,"86,373","38,370","48,003"
"...Information and record clerks, all other",43-4181,"85,226","14,182","71,044"
...Cargo and freight agents,43-4199,"16,189","10,989","5,200"
...Couriers and messengers,43-5011,"151,599","130,948","20,651"
...Dispatchers,43-5021,"235,227","108,901","126,326"
"...Meter readers, utilities",43-5030,"25,811","22,795","3,016"
...Postal service clerks,43-5051,"94,064","47,005","47,059"
...Postal service mail carriers,43-5052,"251,980","161,216","90,764"
"...Postal service mail sorters, processors, and processing machine operators",43-5053,"61,856","30,285","31,571"
"...Production, planning, and expediting clerks",43-5061,"267,453","115,532","151,921"
"...Shipping, receiving, and traffic clerks",43-5071,"445,945","322,035","123,910"
...Stock clerks and order fillers,43-5081,"814,645","536,330","278,315"
"...Weighers, measurers, checkers, and samplers, recordkeeping",43-5111,"61,712","35,803","25,909"
...Secretaries and administrative assistants,43-6010,"2,402,826","112,008","2,290,818"
...Computer operators,43-9011,"78,265","43,996","34,269"
...Data entry keyers,43-9021,"235,336","51,507","183,829"
...Word processors and typists,43-9021,"217,182","29,544","187,638"
...Desktop publishers,43-9022,"3,241","1,249","1,992"
...Insurance claims and policy processing clerks,43-9031,"289,881","54,892","234,989"
"...Mail clerks and mail machine operators, except postal service",43-9041,"54,267","29,670","24,597"
"...Office clerks, general",43-9051,"729,066","127,739","601,327"
"...Office machine operators, except computer",43-9061,"24,326","12,575","11,751"
...Proofreaders and copy markers,43-9071,"6,416","2,922","3,494"
...Statistical assistants,43-9081,"17,346","6,145","11,201"
"...Office and administrative support workers, all other",43-9111,"428,493","103,715","324,778"
"...First-line supervisors of farming, fishing, and forestry workers",45-1010,"50,720","44,245","6,475"
...Agricultural inspectors,45-2011,"12,458","7,808","4,650"
...Animal breeders,45-2021,"2,642","1,785",857
"...Graders and sorters, agricultural products",45-2041,"32,773","11,741","21,032"
...Miscellaneous agricultural workers ,45-2090,"451,767","383,111","68,656"
...Fishing and hunting workers,45-3000,"21,018","20,416",602
...Forest and conservation workers,45-3021,"9,161","7,295","1,866"
...Logging workers,45-4011,"45,150","44,259",891
...First-line supervisors of construction trades and extraction workers,47-1011,"601,644","584,749","16,895"
...Boilermakers,47-2011,"9,092","8,753",339
"...Brickmasons, blockmasons, and stonemasons",47-2020,"77,234","76,622",612
...Carpenters,47-2031,"677,720","667,276","10,444"
"...Carpet, floor, and tile installers and finishers",47-2040,"94,438","92,480","1,958"
"...Cement masons, concrete finishers, and terrazzo workers",47-2050,"37,067","37,040",27
...Construction laborers,47-2061,"986,693","961,321","25,372"
"...Paving, surfacing, and tamping equipment operators",47-2071,"8,213","8,194",19
"...Operating engineers and other construction equipment operators, including pile-driver operators",47-2072,"247,830","243,586","4,244"
"...Drywall installers, ceiling tile installers, and tapers",47-2073,"87,974","86,599","1,375"
...Electricians,47-2080,"583,544","573,504","10,040"
...Glaziers,47-2111,"30,821","30,444",377
...Insulation workers,47-2121,"34,531","33,664",867
"...Painters, construction and maintenance",47-2130,"326,717","310,089","16,628"
...Paperhangers,47-2141,"2,232","1,906",326
"...Pipelayers, plumbers, pipefitters, and steamfitters",47-2142,"397,714","392,587","5,127"
...Plasterers and stucco masons,47-2150,"17,735","17,564",171
...Reinforcing iron and rebar workers,47-2161,"4,984","4,934",50
...Roofers,47-2171,"118,795","118,021",774
...Sheet metal workers,47-2181,"96,747","92,933","3,814"
...Structural iron and steel workers,47-2211,"45,516","44,413","1,103"
"...Helpers, construction trades",47-2221,"23,274","22,956",318
...Construction and building inspectors,47-3010,"67,510","60,968","6,542"
...Elevator installers and repairers,47-4011,"20,339","20,077",262
...Fence erectors,47-4021,"17,578","17,480",98
...Hazardous materials removal workers,47-4031,"23,261","19,410","3,851"
...Highway maintenance workers,47-4041,"80,392","78,627","1,765"
...Rail-track laying and maintenance equipment operators,47-4051,"8,255","8,161",94
...Septic tank servicers and sewer pipe cleaners,47-4061,"6,191","6,191",0
"...Miscellaneous construction and related workers, including solar photovoltaic installers",47-4071,"25,828","24,994",834
"...Derrick, rotary drill, and service unit operators, oil, gas, and mining",47-5010,"29,652","29,284",368
"...Earth drillers, except oil and gas",47-5021,"22,569","22,278",291
"...Explosives workers, ordnance handling experts, and blasters",47-5031,"10,755","9,710","1,045"
...Mining machine operators,47-5040,"65,476","63,436","2,040"
"...Roof bolters, mining",47-5061,"3,576","3,576",0
"...Roustabouts, oil and gas",47-5071,"9,766","9,766",0
...Helpers--extraction workers,47-5081,"3,690","3,498",192
...Other extraction workers,47-5051 & 47-5099,"55,483","54,614",869
"...First-line supervisors of mechanics, installers, and repairers",49-1011,"243,639","226,658","16,981"
"...Computer, automated teller, and office machine repairers",49-2011,"176,644","156,442","20,202"
...Radio and telecommunications equipment installers and repairers,49-2020,"142,862","129,293","13,569"
...Avionics technicians,49-2091,"17,066","15,218","1,848"
"...Electric motor, power tool, and related repairers",49-2092,"21,134","20,230",904
"...Electrical and electronics installers and repairers, transportation equipment",49-2093,"1,633","1,591",42
"...Electrical and electronics repairers, industrial and utility",49-2094 & 49-2095,"10,426","9,921",505
"...Electronic equipment installers and repairers, motor vehicles",49-2096,"8,864","8,405",459
...Electronic home entertainment equipment installers and repairers,49-2097,"33,927","32,579","1,348"
...Security and fire alarm systems installers,49-2098,"41,748","40,680","1,068"
...Aircraft mechanics and service technicians,49-3011,"141,341","134,480","6,861"
...Automotive body and related repairers,49-3021,"113,922","111,855","2,067"
...Automotive glass installers and repairers,49-3022,"14,117","13,237",880
...Automotive service technicians and mechanics,49-3023,"681,551","672,920","8,631"
...Bus and truck mechanics and diesel engine specialists,49-3031,"259,470","257,501","1,969"
...Heavy vehicle and mobile equipment service technicians and mechanics,49-3040,"178,705","176,382","2,323"
...Small engine mechanics,49-3050,"31,008","30,586",422
"...Miscellaneous vehicle and mobile equipment mechanics, installers, and repairers",49-3090,"52,737","51,671","1,066"
...Control and valve installers and repairers,49-9010,"18,621","17,694",927
"...Heating, air conditioning, and refrigeration mechanics and installers",49-9021,"279,902","276,780","3,122"
...Home appliance repairers,49-9031,"29,444","28,494",950
...Industrial and refractory machinery mechanics,49-9041 & 49-9045,"332,142","322,465","9,677"
"...Maintenance and repair workers, general",49-9042,"449,977","432,709","17,268"
"...Maintenance workers, machinery",49-9043,"23,855","23,410",445
...Millwrights,49-9044,"37,622","37,034",588
...Electrical power-line installers and repairers,49-9051,"99,444","98,259","1,185"
...Telecommunications line installers and repairers,49-9052,"118,663","113,126","5,537"
...Precision instrument and equipment repairers,49-9060,"53,885","49,578","4,307"
"...Coin, vending, and amusement machine servicers and repairers",49-9091,"26,854","23,787","3,067"
...Commercial divers,49-9092,"2,277","2,221",56
...Locksmiths and safe repairers,49-9094,"17,151","16,358",793
...Manufactured building and mobile home installers,49-9095,"4,001","3,828",173
...Riggers,49-9096,"9,555","9,450",105
...Signal and track switch repairers,49-9097,"3,623","3,593",30
"...Helpers--installation, maintenance, and repair workers ",49-9098,"14,156","13,193",963
"...Other installation, maintenance, and repair workers, including wind turbine service technicians",49-9093 & 49-9099,"168,658","159,562","9,096"
...First-line supervisors of production and operating workers,51-1011,"802,370","656,622","145,748"
"...Aircraft structure, surfaces, rigging, and systems assemblers",51-2011,"5,202","3,823","1,379"
"...Electrical, electronics, and electromechanical assemblers",51-2020,"116,834","61,800","55,034"
...Engine and other machine assemblers,51-2031,"10,950","9,903","1,047"
...Structural metal fabricators and fitters,51-2041,"20,509","19,856",653
...Miscellaneous assemblers and fabricators,51-2090,"766,770","484,475","282,295"
...Bakers,51-3011,"131,066","67,099","63,967"
"...Butchers and other meat, poultry, and fish processing workers",51-3020,"203,134","154,517","48,617"
"...Food and tobacco roasting, baking, and drying machine operators and tenders",51-3091,"7,085","5,409","1,676"
...Food batchmakers,51-3092,"56,485","28,317","28,168"
...Food cooking machine operators and tenders,51-3093,"5,670","3,950","1,720"
"...Food processing workers, all other",51-4010,"95,533","65,550","29,983"
...Computer control programmers and operators,51-4021,"72,368","67,129","5,239"
"...Extruding and drawing machine setters, operators, and tenders, metal and plastic",51-4022,"10,880","8,824","2,056"
"...Forging machine setters, operators, and tenders, metal and plastic",51-4023,"6,847","6,616",231
"...Rolling machine setters, operators, and tenders, metal and plastic",51-4031,"9,439","6,791","2,648"
"...Cutting, punching, and press machine setters, operators, and tenders, metal and plastic",51-4032,"75,234","61,087","14,147"
"...Drilling and boring machine tool setters, operators, and tenders, metal and plastic ",51-4033,"4,002","3,031",971
"...Grinding, lapping, polishing, and buffing machine tool setters, operators, and tenders, metal and plastic",51-4034,"38,305","33,030","5,275"
"...Lathe and turning machine tool setters, operators, and tenders, metal and plastic",51-4035,"8,530","7,524","1,006"
"...Milling and planing machine setters, operators, and tenders, metal and plastic",51-4041,"2,780","2,531",249
...Machinists,51-4042,"330,090","316,382","13,708"
"...Metal furnace operators, tenders, pourers, and casters",51-4050,"18,709","17,712",997
"...Model makers and patternmakers, metal and plastic",51-4060,"6,061","4,886","1,175"
"...Molders and molding machine setters, operators, and tenders, metal and plastic",51-4070,"35,447","29,875","5,572"
"...Multiple machine tool setters, operators, and tenders, metal and plastic ",51-4081,"2,437","1,767",670
...Tool and die makers,51-4111,"51,409","50,058","1,351"
"...Welding, soldering, and brazing workers",51-4120,"488,957","464,041","24,916"
"...Heat treating equipment setters, operators, and tenders, metal and plastic",51-4191,"6,459","5,874",585
"...Layout workers, metal and plastic",51-4192,"6,077","5,911",166
"...Plating and coating machine setters, operators, and tenders, metal and plastic",51-4193,"13,378","12,355","1,023"
"...Tool grinders, filers, and sharpeners",51-4194,"4,643","4,375",268
"...Metal workers and plastic workers, all other",51-4199,"317,561","249,208","68,353"
...Prepress technicians and workers,51-5022,"23,527","12,712","10,815"
"...Printing workers, except prepress technicians and workers",51-5023,"169,498","135,466","34,032"
...Laundry and dry-cleaning workers,51-6011,"111,926","47,034","64,892"
"...Pressers, textile, garment, and related materials",51-6021,"25,595","10,309","15,286"
...Sewing machine operators,51-6031,"134,443","36,754","97,689"
...Shoe and leather workers and repairers,51-6041,"6,508","5,326","1,182"
...Shoe machine operators and tenders,51-6042,"4,373","2,209","2,164"
"...Tailors, dressmakers, and sewers",51-6050,"42,018","12,251","29,767"
...Textile bleaching and dyeing machine operators and tenders,51-6061,"1,989","1,587",402
"...Textile cutting machine setters, operators, and tenders",51-6062,"4,006","2,842","1,164"
"...Textile knitting and weaving machine setters, operators, and tenders",51-6063,"6,615","2,746","3,869"
"...Textile winding, twisting, and drawing out machine setters, operators, and tenders",51-6064,"9,594","4,129","5,465"
...Fabric and apparel patternmakers,51-6091,"2,639",296,"2,343"
...Upholsterers,51-6092,"24,713","20,708","4,005"
"...Miscellaneous textile, apparel, and furnishings workers, including extruding and forming machine setters, operators, and tenders, synthetic and glass fibers",51-6099,"10,790","6,417","4,373"
...Cabinetmakers and bench carpenters,51-7011,"38,783","37,474","1,309"
...Furniture finishers,51-7021,"7,639","6,161","1,478"
"...Sawing machine setters, operators, and tenders, wood",51-7041,"22,242","20,877","1,365"
"...Woodworking machine setters, operators, and tenders, except sawing",51-7042,"20,413","16,259","4,154"
"...Miscellaneous woodworkers, including model makers and patternmakers",51-7099,"17,735","16,619","1,116"
"...Power plant operators, distributors, and dispatchers",51-8010,"44,028","41,680","2,348"
...Stationary engineers and boiler operators,51-8021,"81,858","79,736","2,122"
...Water and wastewater treatment plant and system operators,51-8031,"80,472","77,340","3,132"
...Miscellaneous plant and system operators,51-8090,"37,086","34,414","2,672"
"...Chemical processing machine setters, operators, and tenders",51-9010,"49,659","44,589","5,070"
"...Crushing, grinding, polishing, mixing, and blending workers",51-9020,"70,478","63,515","6,963"
...Cutting workers,51-9030,"49,849","40,036","9,813"
"...Extruding, forming, pressing, and compacting machine setters, operators, and tenders",51-9041,"21,803","17,029","4,774"
"...Furnace, kiln, oven, drier, and kettle operators and tenders",51-9051,"11,333","9,713","1,620"
"...Inspectors, testers, sorters, samplers, and weighers",51-9061,"623,203","397,579","225,624"
...Jewelers and precious stone and metal workers,51-9071,"26,929","18,880","8,049"
"...Medical, dental, and ophthalmic laboratory technicians",51-9080,"64,031","34,102","29,929"
...Packaging and filling machine operators and tenders,51-9111,"198,721","92,772","105,949"
...Painting workers,51-9120,"101,860","91,461","10,399"
...Photographic process workers and processing machine operators,51-9130,"25,840","14,124","11,716"
...Semiconductor processors,51-9141,"1,988","1,233",755
"...Cleaning, washing, and metal pickling equipment operators and tenders",51-9192,"6,098","5,077","1,021"
...Cooling and freezing equipment operators and tenders,51-9193,"2,208","2,062",146
...Etchers and engravers,51-9194,"6,620","5,150","1,470"
"...Molders, shapers, and casters, except metal and plastic",51-9195,"23,056","20,401","2,655"
"...Paper goods machine setters, operators, and tenders",51-9196,"26,459","21,034","5,425"
...Tire builders,51-9197,"14,330","13,161","1,169"
...Helpers--production workers,51-9198,"25,685","21,637","4,048"
"...Production workers, all other",51-9199,"881,828","653,314","228,514"
...Supervisors of transportation and material moving workers,53-1000,"185,456","156,031","29,425"
...Aircraft pilots and flight engineers,53-2010,"88,969","85,054","3,915"
...Air traffic controllers and airfield operations specialists,53-2020,"33,382","27,511","5,871"
"...Ambulance drivers and attendants, except emergency medical technicians",53-3011,"9,147","6,961","2,186"
...Bus drivers,53-3020,"275,991","174,830","101,161"
...Driver/sales workers and truck drivers,53-3030,"2,472,147","2,365,886","106,261"
...Taxi drivers and chauffeurs,53-3041,"196,209","175,350","20,859"
"...Motor vehicle operators, all other",53-3099,"16,506","14,232","2,274"
...Locomotive engineers and operators,53-4010,"43,391","41,408","1,983"
"...Railroad brake, signal, and switch operators",53-4021,"4,454","4,395",59
...Railroad conductors and yardmasters,53-4031,"43,061","40,176","2,885"
"...Subway, streetcar, and other rail transportation workers",53-4041 & 53-4099,"9,669","8,566","1,103"
...Sailors and marine oilers,53-5011,"12,690","12,153",537
...Ship and boat captains and operators,53-5020,"26,328","25,849",479
...Ship engineers,53-5031,"4,145","3,894",251
...Bridge and lock tenders,53-6011,"3,240","2,712",528
...Parking lot attendants,53-6021,"38,720","35,027","3,693"
...Automotive and watercraft service attendants   ,53-6031,"67,748","55,406","12,342"
...Transportation inspectors,53-6051,"35,783","30,980","4,803"
"...Transportation attendants, except flight attendants",53-6041 & 53-6099,"11,113","5,383","5,730"
...Conveyor operators and tenders,53-7011,"4,831","4,225",606
...Crane and tower operators,53-7021,"52,665","50,867","1,798"
"...Dredge, excavating, and loading machine operators",53-7030,"26,394","26,074",320
...Hoist and winch operators,53-7041,"6,973","6,060",913
...Industrial truck and tractor operators,53-7051,"428,059","399,291","28,768"
...Cleaners of vehicles and equipment,53-7061,"197,864","171,164","26,700"
"...Laborers and freight, stock, and material movers, hand",53-7062,"1,211,599","1,009,313","202,286"
...Machine feeders and offbearers,53-7063,"21,230","14,507","6,723"
"...Packers and packagers, hand",53-7064,"273,503","123,631","149,872"
...Pumping station operators,53-7070,"25,133","23,425","1,708"
...Refuse and recyclable material collectors,53-7081,"73,441","67,859","5,582"
...Mine shuttle car operators,53-7111,847,847,0
"...Tank car, truck, and ship loaders",53-7121,"4,741","4,635",106
"...Material moving workers, all other",53-7199,"33,196","29,364","3,832"
,,,,
,,,,
,,,,
,,,,